{"docker_001": {"db_003": NaN, "db_007": 2.8880198549586167, "db_009": 0.0, "docker_001": 3.4862688618119475, "docker_002": NaN, "docker_003": NaN, "docker_004": NaN, "docker_005": NaN, "docker_007": 0.0, "docker_008": 0.0, "os_021": NaN, "os_022": NaN}, "docker_002": {"db_003": NaN, "db_007": 2.516260683031194, "db_009": 1.9654546529121621, "docker_001": NaN, "docker_002": 0.0, "docker_003": NaN, "docker_004": NaN, "docker_005": NaN, "docker_007": 8.107100383105738, "docker_008": 0.0, "os_021": NaN, "os_022": NaN}, "docker_003": {"db_003": NaN, "db_007": 7.343975386879315, "db_009": 3.3173335942096696, "docker_001": NaN, "docker_002": NaN, "docker_003": 5.2315706054152065, "docker_004": NaN, "docker_005": 1.8809978141832542, "docker_007": NaN, "docker_008": NaN, "os_021": NaN, "os_022": NaN}, "docker_004": {"db_003": NaN, "db_007": 0.0, "db_009": 0.0, "docker_001": NaN, "docker_002": NaN, "docker_003": NaN, "docker_004": 4.477542847394054, "docker_005": 1.897724874178866, "docker_007": NaN, "docker_008": NaN, "os_021": NaN, "os_022": NaN}, "docker_005": {"db_003": 3.9106313834725945, "db_007": NaN, "db_009": NaN, "docker_001": NaN, "docker_002": NaN, "docker_003": NaN, "docker_004": NaN, "docker_005": 2.478925146701012, "docker_007": NaN, "docker_008": NaN, "os_021": NaN, "os_022": NaN}, "docker_007": {"db_003": 4.326158950101716, "db_007": NaN, "db_009": NaN, "docker_001": NaN, "docker_002": NaN, "docker_003": NaN, "docker_004": NaN, "docker_005": NaN, "docker_007": 0.0, "docker_008": NaN, "os_021": NaN, "os_022": NaN}, "docker_008": {"db_003": 6.1830392095486, "db_007": NaN, "db_009": NaN, "docker_001": NaN, "docker_002": NaN, "docker_003": NaN, "docker_004": NaN, "docker_005": NaN, "docker_007": NaN, "docker_008": 2.7527662506677193, "os_021": NaN, "os_022": NaN}, "os_021": {"db_003": NaN, "db_007": NaN, "db_009": NaN, "docker_001": NaN, "docker_002": NaN, "docker_003": 0.0, "docker_004": 2.136931155060168, "docker_005": NaN, "docker_007": NaN, "docker_008": NaN, "os_021": 5.731487055990369, "os_022": NaN}, "os_022": {"db_003": NaN, "db_007": NaN, "db_009": NaN, "docker_001": 2.809867591582106, "docker_002": 4.485254669660104, "docker_003": NaN, "docker_004": NaN, "docker_005": NaN, "docker_007": NaN, "docker_008": NaN, "os_021": NaN, "os_022": 4.67569805834007}}